Workbook

Sheet Summary Ring
B1: Ring List After :
B2: No | C2: Prov | D2: Ring name | E2: Total Sites | F2: Type | G2: Total Distance(m) | H2: AVG / Site
B3: 1 | C3: =VLOOKUP(D3,'Lampiran Segment'!I:R,10,0) -> Banten | D3: Karangantu - Serang 1 | E3: =COUNTIFS('Lampiran Site'!R:R,'Summary Ring'!D3) -> 1 | F3: Star | G3: =SUMIFS('Lampiran Segment'!K:K,'Lampiran Segment'!I:I,'Summary Ring'!D3) -> 1751 | H3: =G3/E3 -> 1751
B4: 2 | C4: =VLOOKUP(D4,'Lampiran Segment'!I:R,10,0) -> Banten | D4: Rangkasbitung - Citeras | E4: =COUNTIFS('Lampiran Site'!R:R,'Summary Ring'!D4) -> 1 | F4: Star | G4: =SUMIFS('Lampiran Segment'!K:K,'Lampiran Segment'!I:I,'Summary Ring'!D4) -> 2085.6 | H4: =G4/E4 -> 2085.6
B5: 3 | C5: =VLOOKUP(D5,'Lampiran Segment'!I:R,10,0) -> Banten | D5: Citeras - Maja 1 | E5: =COUNTIFS('Lampiran Site'!R:R,'Summary Ring'!D5) -> 1 | F5: Star | G5: =SUMIFS('Lampiran Segment'!K:K,'Lampiran Segment'!I:I,'Summary Ring'!D5) -> 3128 | H5: =G5/E5 -> 3128
B6: 4 | C6: =VLOOKUP(D6,'Lampiran Segment'!I:R,10,0) -> Banten | D6: Jurangmangu - Pondok Ranji 1 | E6: =COUNTIFS('Lampiran Site'!R:R,'Summary Ring'!D6) -> 1 | F6: Star | G6: =SUMIFS('Lampiran Segment'!K:K,'Lampiran Segment'!I:I,'Summary Ring'!D6) -> 374 | H6: =G6/E6 -> 374
B7: 6 | C7: =VLOOKUP(D7,'Lampiran Segment'!I:R,10,0) -> JAWA BARAT | D7: Cirebon - Cirebon Perujakan 2 | E7: =COUNTIFS('Lampiran Site'!R:R,'Summary Ring'!D7) -> 1 | F7: Star | G7: =SUMIFS('Lampiran Segment'!K:K,'Lampiran Segment'!I:I,'Summary Ring'!D7) -> 452 | H7: =G7/E7 -> 452
B8: 7 | C8: =VLOOKUP(D8,'Lampiran Segment'!I:R,10,0) -> JAWA BARAT | D8: Cikampek - Pabuaran 1 | E8: =COUNTIFS('Lampiran Site'!R:R,'Summary Ring'!D8) -> 1 | F8: Star | G8: =SUMIFS('Lampiran Segment'!K:K,'Lampiran Segment'!I:I,'Summary Ring'!D8) -> 1889 | H8: =G8/E8 -> 1889
B9: 8 | C9: =VLOOKUP(D9,'Lampiran Segment'!I:R,10,0) -> JAWA BARAT | D9: Karangpucung - banjar 2 | E9: =COUNTIFS('Lampiran Site'!R:R,'Summary Ring'!D9) -> 1 | F9: Star | G9: =SUMIFS('Lampiran Segment'!K:K,'Lampiran Segment'!I:I,'Summary Ring'!D9) -> 657 | H9: =G9/E9 -> 657
B10: 9 | C10: =VLOOKUP(D10,'Lampiran Segment'!I:R,10,0) -> JAWA BARAT | D10: Wanaraja - Garut 3 | E10: =COUNTIFS('Lampiran Site'!R:R,'Summary Ring'!D10) -> 1 | F10: Star | G10: =SUMIFS('Lampiran Segment'!K:K,'Lampiran Segment'!I:I,'Summary Ring'!D10) -> 1312 | H10: =G10/E10 -> 1312
B11: 10 | C11: =VLOOKUP(D11,'Lampiran Segment'!I:R,10,0) -> JAWA BARAT | D11: Wanaraja - Garut 1 | E11: =COUNTIFS('Lampiran Site'!R:R,'Summary Ring'!D11) -> 1 | F11: Star | G11: =SUMIFS('Lampiran Segment'!K:K,'Lampiran Segment'!I:I,'Summary Ring'!D11) -> 119 | H11: =G11/E11 -> 119
B12: 11 | C12: =VLOOKUP(D12,'Lampiran Segment'!I:R,10,0) -> JAWA BARAT | D12: Haurpugur - Cicalengka 2 | E12: =COUNTIFS('Lampiran Site'!R:R,'Summary Ring'!D12) -> 1 | F12: Star | G12: =SUMIFS('Lampiran Segment'!K:K,'Lampiran Segment'!I:I,'Summary Ring'!D12) -> 1146 | H12: =G12/E12 -> 1146
B13: 12 | C13: =VLOOKUP(D13,'Lampiran Segment'!I:R,10,0) -> JAWA BARAT | D13: Rancaekek - Haurpugur 2 | E13: =COUNTIFS('Lampiran Site'!R:R,'Summary Ring'!D13) -> 1 | F13: Star | G13: =SUMIFS('Lampiran Segment'!K:K,'Lampiran Segment'!I:I,'Summary Ring'!D13) -> 1147 | H13: =G13/E13 -> 1147
B14: 13 | C14: =VLOOKUP(D14,'Lampiran Segment'!I:R,10,0) -> JAWA BARAT | D14: Cimekar - Rancaekek 1 | E14: =COUNTIFS('Lampiran Site'!R:R,'Summary Ring'!D14) -> 1 | F14: Star | G14: =SUMIFS('Lampiran Segment'!K:K,'Lampiran Segment'!I:I,'Summary Ring'!D14) -> 187 | H14: =G14/E14 -> 187
... B77: 99 | C77: =VLOOKUP(D77,'Lampiran Segment'!I:R,10,0) -> Jawa Timur | D77: BOWERNO - BABAT | E77: =COUNTIFS('Lampiran Site'!R:R,'Summary Ring'!D77) -> 1 | F77: Star | G77: =SUMIFS('Lampiran Segment'!K:K,'Lampiran Segment'!I:I,'Summary Ring'!D77) -> 913 | H77: =G77/E77 -> 913
D78: TOTAL | E78: =SUM(E3:E77) -> 77 | G78: =SUM(G3:G77) -> 87419.4 | H78: =G78/E78 -> 1135.3169

Sheet Lampiran Site
A2: Site List DRM :
A3: No | B3: Site_ID | C3: Site Name | D3: Site ID Surge | E3: Province | F3: City | G3: Kecamatan | H3: Kelurahan | I3: Lat | J3: Long | K3: Tower Ownership | L3: Field Type | M3: POP Interconnection | N3: Location POP | O3: Ketinggian Antenna | P3: Jumlah Sektor | Q3: FO Type | R3: Ring ID | S3: Distance/Site (m) | T3: Status Project
A4: 1 | B4: GTI12B046 | C4: Perkotaan | E4: BANTEN | F4: KOTA SERANG | G4: SERANG | H4: KOTA BARU | I4: -6.116444 | J4: 106.1515 | K4: GIHON | L4: GREEN FIELD | M4: Serang | N4: KAI | P4: 3 | Q4: Star | R4: Karangantu - Serang 1 | S4: =VLOOKUP(B4,'Lampiran Segment'!C1:K78,9,0) -> 1751 | T4: =VLOOKUP(B4,[1]List!$B$2:$AM$105,38,0) -> Go
A5: 2 | B5: T000365 | C5: CITERAS | E5: BANTEN | F5: KAB. LEBAK | G5: RANGKASBITUNG | H5: CITERAS | I5: -6.34117 | J5: 106.3231 | K5: TBG | L5: GREEN FIELD | M5: Rangkasbitung | N5: KAI | P5: 3 | Q5: Star | R5: Rangkasbitung - Citeras | S5: =VLOOKUP(B5,'Lampiran Segment'!C2:K79,9,0) -> 2085.6 | T5: =VLOOKUP(B5,[1]List!$B$2:$AM$105,38,0) -> Go
A6: 3 | B6: 130218104 | C6: MAJA | E6: BANTEN | F6: KAB. LEBAK | G6: MAJA | H6: MAJA | I6: -6.3423 | J6: 106.39772 | K6: TBG | L6: GREEN FIELD | M6: Maja | N6: KAI | P6: 3 | Q6: Star | R6: Citeras - Maja 1 | S6: =VLOOKUP(B6,'Lampiran Segment'!C3:K80,9,0) -> 3128 | T6: =VLOOKUP(B6,[1]List!$B$2:$AM$105,38,0) -> Go
A7: 4 | B7: 131098126 | C7: MCP PONDOK BETUNG 7 | E7: BANTEN | F7: KOTA TANGERANG SELATAN | G7: PONDOK AREN | H7: PONDOK BETUNG | I7: -6.27362 | J7: 106.74471 | K7: TBG | L7: GREEN FIELD | M7: Pondok Ranji | N7: KAI | P7: 3 | Q7: Star | R7: Jurangmangu - Pondok Ranji 1 | S7: =VLOOKUP(B7,'Lampiran Segment'!C4:K81,9,0) -> 374 | T7: =VLOOKUP(B7,[1]List!$B$2:$AM$105,38,0) -> Go
A8: 6 | B8: 121015104 | C8: PARUJAKAN | E8: JAWA BARAT | F8: KOTA CIREBON | G8: PEKALIPAN | H8: PEKALANGAN | I8: -6.71869 | J8: 108.55921 | K8: TBG | L8: GREEN FIELD | M8: Cirebon Prujakan | N8: KAI | P8: 3 | Q8: Star | R8: Cirebon - Cirebon Perujakan 2 | S8: =VLOOKUP(B8,'Lampiran Segment'!C6:K83,9,0) -> 452 | T8: =VLOOKUP(B8,[1]List!$B$2:$AM$105,38,0) -> Go
A9: 7 | B9: 122492110 | C9: PABUARAN BARAT | E9: JAWA BARAT | F9: KAB. SUBANG | G9: PABUARAN | H9: PABUARAN | I9: -6.41161 | J9: 107.57533 | K9: TBG | L9: GREEN FIELD | M9: Pabuaran | N9: KAI | P9: 3 | Q9: Star | R9: Cikampek - Pabuaran 1 | S9: =VLOOKUP(B9,'Lampiran Segment'!C7:K84,9,0) -> 1889 | T9: =VLOOKUP(B9,[1]List!$B$2:$AM$105,38,0) -> Go
A10: 8 | B10: 120851104 | C10: BANJAR | E10: JAWA BARAT | F10: KOTA BANJAR | G10: BANJAR | H10: MEKARSARI | I10: -7.37767 | J10: 108.5373 | K10: TBG | L10: GREEN FIELD | M10: Banjar | N10: KAI | P10: 3 | Q10: Star | R10: Karangpucung - banjar 2 | S10: =VLOOKUP(B10,'Lampiran Segment'!C8:K85,9,0) -> 657 | T10: =VLOOKUP(B10,[1]List!$B$2:$AM$105,38,0) -> Go
A11: 9 | B11: 120465109 | C11: SMP2TRNGKDL-SUCIKALER | E11: JAWA BARAT | F11: KAB. GARUT | G11: GARUT KOTA | H11: SUKAMENTRI | I11: -7.20741 | J11: 107.90977 | K11: TBG | L11: GREEN FIELD | M11: Garut | N11: KAI | P11: 3 | Q11: Star | R11: Wanaraja - Garut 3 | S11: =VLOOKUP(B11,'Lampiran Segment'!C9:K86,9,0) -> 1312 | T11: =VLOOKUP(B11,[1]List!$B$2:$AM$105,38,0) -> Go
A12: 10 | B12: 122876109 | C12: JL TELADAN GARUT | E12: JAWA BARAT | F12: KAB. GARUT | G12: GARUT KOTA | H12: PAKUWON | I12: -7.21398 | J12: 107.90526 | K12: TBG | L12: ROOF TOP | M12: Garut | N12: KAI | P12: 3 | Q12: Star | R12: Wanaraja - Garut 1 | S12: =VLOOKUP(B12,'Lampiran Segment'!C10:K87,9,0) -> 119 | T12: =VLOOKUP(B12,[1]List!$B$2:$AM$105,38,0) -> Go
A13: 11 | B13: 121272104 | C13: CICALENGKA | E13: JAWA BARAT | F13: KAB. BANDUNG | G13: CICALENGKA | H13: CIKUYA | I13: -6.98581 | J13: 107.83331 | K13: TBG | L13: GREEN FIELD | M13: Cicalengka | N13: KAI | P13: 3 | Q13: Star | R13: Haurpugur - Cicalengka 2 | S13: =VLOOKUP(B13,'Lampiran Segment'!C11:K88,9,0) -> 1146 | T13: =VLOOKUP(B13,[1]List!$B$2:$AM$105,38,0) -> Go
A14: 12 | B14: 121327104 | C14: HAURPUGUR | E14: JAWA BARAT | F14: KAB. BANDUNG | G14: RANCAEKEK | H14: HAURPUGUR | I14: -6.98902 | J14: 107.79942 | K14: TBG | L14: GREEN FIELD | M14: Haurpugur | N14: KAI | P14: 3 | Q14: Star | R14: Rancaekek - Haurpugur 2 | S14: =VLOOKUP(B14,'Lampiran Segment'!C11:K89,9,0) -> 1147 | T14: =VLOOKUP(B14,[1]List!$B$2:$AM$105,38,0) -> Go
A15: 13 | B15: 125871101 | C15: BDGN-218-WBBMC-SITE_7801 - RELOC | E15: JAWA BARAT | F15: KAB. BANDUNG | G15: RANCAEKEK | H15: RANCAEKEK KULON | I15: -6.96344 | J15: 107.75358 | K15: TBG | L15: GREEN FIELD | M15: Rancaekek | N15: KAI | P15: 3 | Q15: Star | R15: Cimekar - Rancaekek 1 | S15: =VLOOKUP(B15,'Lampiran Segment'!C12:K90,9,0) -> 187 | T15: =VLOOKUP(B15,[1]List!$B$2:$AM$105,38,0) -> Go
A16: 14 | B16: GTI25JBR023 | E16: JAWA BARAT | F16: KOTA BANDUNG | G16: CINAMBO | H16: BABAKAN PENGHULU | I16: -6.940518 | J16: 107.69118 | K16: GIHON | L16: ROOF TOP | M16: Gedebage | N16: KAI | P16: 3 | Q16: Star | R16: Kiaracondong - Gedebage 1 | S16: =VLOOKUP(B16,'Lampiran Segment'!C12:K91,9,0) -> 205 | T16: =VLOOKUP(B16,[1]List!$B$2:$AM$105,38,0) -> Go
A17: 15 | B17: 122376109 | C17: NGAMPRAH-BCAPDLARANG | E17: JAWA BARAT | F17: KAB. BANDUNG BARAT | G17: NGAMPRAH | H17: SUKATANI | I17: -6.83969 | J17: 107.49698 | K17: TBG | L17: GREEN FIELD | M17: Padalarang | N17: KAI | P17: 3 | Q17: Star | R17: Tagogapu - padalarang 1 | S17: =VLOOKUP(B17,'Lampiran Segment'!C13:K92,9,0) -> 815 | T17: =VLOOKUP(B17,[1]List!$B$2:$AM$105,38,0) -> Go
A18: 16 | B18: GTI13JB020 | C18: A Yani Purwamekar | E18: JAWA BARAT | F18: KAB. PURWAKARTA | G18: PURWAKARTA | H18: CIPAISAN | I18: -6.544083 | J18: 107.43622 | K18: GIHON | L18: GREEN FIELD | M18: Purwakarta | N18: KAI | P18: 3 | Q18: Star | R18: Sadang - Purwakarta 3 | S18: =VLOOKUP(B18,'Lampiran Segment'!C14:K93,9,0) -> 1934 | T18: =VLOOKUP(B18,[1]List!$B$2:$AM$105,38,0) -> Go
A19: 21 | B19: 125966123 | C19: SUKARAJA CILEBUT | E19: JAWA BARAT | F19: KAB. BOGOR | G19: SUKARAJA | H19: CILEBUT BARAT | I19: -6.52195 | J19: 106.79885 | K19: TBG | L19: GREEN FIELD | M19: Cilebut | N19: KAI | P19: 3 | Q19: Star | R19: Bojong Gede - Cilebut 1 | S19: =VLOOKUP(B19,'Lampiran Segment'!C18:K97,9,0) -> 963 | T19: =VLOOKUP(B19,[1]List!$B$2:$AM$105,38,0) -> Go
A20: 23 | B20: 1647052007 | C20: IBS MAKRO PEPELEGI | E20: JAWA TIMUR | F20: KAB. SIDOARJO | G20: GEDANGAN | H20: SAWOTRATAP | I20: -7.36763 | J20: 112.73315 | K20: TBG | L20: GREEN FIELD | M20: Sawotratap | N20: KAI | P20: 3 | Q20: Star | R20: WARU - SAWOTRATAP 2 | S20: =VLOOKUP(B20,'Lampiran Segment'!C20:K99,9,0) -> 606 | T20: =VLOOKUP(B20,[1]List!$B$2:$AM$105,38,0) -> Go
A21: 24 | B21: 161420110 | C21: GADING FAJAR | E21: JAWA TIMUR | F21: KAB. SIDOARJO | G21: BUDURAN | H21: SIWALANPANJI | I21: -7.43213 | J21: 112.72768 | K21: TBG | L21: GREEN FIELD | M21: Buduran | N21: KAI | P21: 3 | Q21: Star | R21: GEDANGAN - BUDURAN 3 | S21: =VLOOKUP(B21,'Lampiran Segment'!C21:K100,9,0) -> 1201 | T21: =VLOOKUP(B21,[1]List!$B$2:$AM$105,38,0) -> Go
A22: 25 | B22: 1649262007 | C22: IBS SUN CITY | E22: JAWA TIMUR | F22: KAB. SIDOARJO | G22: SIDOARJO | H22: SIDOKUMPUL | I22: -7.44911 | J22: 112.71009 | K22: TBG | L22: ROOF TOP | M22: Sidoarjo | N22: KAI | P22: 3 | Q22: Star | R22: PAGERWOJO - SIDOARJO 2 | S22: =VLOOKUP(B22,'Lampiran Segment'!C22:K101,9,0) -> 1226 | T22: =VLOOKUP(B22,[1]List!$B$2:$AM$105,38,0) -> Go
A23: 26 | B23: 1647062007 | C23: IBS KETAJEN | E23: JAWA TIMUR | F23: KAB. SIDOARJO | G23: GEDANGAN | H23: GEDANGAN | I23: -7.38745 | J23: 112.72716 | K23: TBG | L23: ROOF TOP | M23: Gedangan | N23: KAI | P23: 3 | Q23: Star | R23: SEPANJANG - GEDANGAN 1 | S23: =VLOOKUP(B23,'Lampiran Segment'!C23:K102,9,0) -> 520 | T23: =VLOOKUP(B23,[1]List!$B$2:$AM$105,38,0) -> Go
A24: 27 | B24: 163317126 | C24: JOMBATAN 2 | E24: JAWA TIMUR | F24: KAB. JOMBANG | G24: JOMBANG | H24: JOMBATAN | I24: -7.55253 | J24: 112.23177 | K24: TBG | L24: GREEN FIELD | M24: Jombang | N24: KAI | P24: 3 | Q24: Star | R24: PETERONGAN - JOMBANG 3 | S24: =VLOOKUP(B24,'Lampiran Segment'!C24:K103,9,0) -> 1891 | T24: =VLOOKUP(B24,[1]List!$B$2:$AM$105,38,0) -> Go
A25: 28 | B25: 161395110 | C25: 3G-BENTOEL OFFICE | E25: JAWA TIMUR | F25: KOTA MALANG | G25: KLOJEN | H25: KASIN | I25: -7.99556 | J25: 112.62598 | K25: TBG | L25: ROOF TOP | M25: Malang Kota Lama | N25: KAI | P25: 3 | Q25: Star | R25: PAKISAJI - MALANG KOTA LAMA 1 | S25: =VLOOKUP(B25,'Lampiran Segment'!C25:K104,9,0) -> 1721 | T25: =VLOOKUP(B25,[1]List!$B$2:$AM$105,38,0) -> Go
A26: 29 | B26: 1650662001 | C26: IBS MLG_INFILL7 | E26: JAWA TIMUR | F26: KOTA MALANG | G26: BLIMBING | H26: BLIMBING | I26: -7.94624 | J26: 112.64762 | K26: TBG | L26: GREEN FIELD | M26: Blimbing | N26: KAI | P26: 3 | Q26: Star | R26: MALANG - BLIMBING 1 | S26: =VLOOKUP(B26,'Lampiran Segment'!C26:K105,9,0) -> 997 | T26: =VLOOKUP(B26,[1]List!$B$2:$AM$105,38,0) -> Go
A27: 30 | B27: 163870110 | C27: KARANGLO - RELOC | E27: JAWA TIMUR | F27: KAB. MALANG | G27: SINGOSARI | H27: BANJARARUM | I27: -7.9042 | J27: 112.65996 | K27: TBG | L27: GREEN FIELD | M27: Singosari | N27: KAI | P27: 3 | Q27: Star | R27: BLIMBING - SINGOSARI 1 | S27: =VLOOKUP(B27,'Lampiran Segment'!C27:K106,9,0) -> 1332 | T27: =VLOOKUP(B27,[1]List!$B$2:$AM$105,38,0) -> Go
A28: 31 | B28: 1654591001 | C28: TEGAL GEDE 3 - RELOC | E28: JAWA TIMUR | F28: KAB. JEMBER | G28: KALIWATES | H28: KALIWATES | I28: -8.18112 | J28: 113.67416 | K28: TBG | L28: GREEN FIELD | M28: Kaliwates | N28: KAI | P28: 3 | Q28: Star | R28: MANGLI - KALIWATES 1 | S28: =VLOOKUP(B28,'Lampiran Segment'!C28:K107,9,0) -> 895 | T28: =VLOOKUP(B28,[1]List!$B$2:$AM$105,38,0) -> Go
A29: 32 | B29: 1510341001 | C29: GRAPHARI YOGYA RELOK | E29: DAERAH ISTIMEWA YOGYAKARTA | F29: KOTA YOGYAKARTA | G29: GONDOKUSUMAN | H29: TERBAN | I29: -7.78189 | J29: 110.37646 | K29: TBG | L29: GREEN FIELD | M29: LEMPUYANGAN | N29: KAI | P29: 3 | Q29: Star | R29: TUGU JOGJA - LEMPUYANGAN 4 | S29: =VLOOKUP(B29,'Lampiran Segment'!C28:K108,9,0) -> 1439 | T29: =VLOOKUP(B29,[1]List!$B$2:$AM$105,38,0) -> Go
A30: 35 | B30: 1472761003 | C30: GAJAHMADA TEGAL BARAT - RELOC | E30: JAWA TENGAH | F30: KOTA TEGAL | G30: TEGAL BARAT | H30: PEKAUMAN | I30: -6.87005 | J30: 109.12783 | K30: TBG | L30: RT | M30: Tegal | N30: KAI | P30: 3 | Q30: Star | R30: Brebes - Tegal 1 | S30: =VLOOKUP(B30,'Lampiran Segment'!C29:K111,9,0) -> 2194.8 | T30: =VLOOKUP(B30,[1]List!$AO$2:$BD$105,16,0) -> Go
A31: 36 | B31: 1440632003 | C31: IBS TUGU REJO | E31: JAWA TENGAH | F31: KOTA SEMARANG | G31: TUGU | H31: TUGUREJO | I31: -6.9838 | J31: 110.35695 | K31: TBG | L31: GREEN FIELD | M31: Jerakah | N31: KAI | P31: 3 | Q31: Star | R31: Mangkang - Jerakah 1 | S31: =VLOOKUP(B31,'Lampiran Segment'!C30:K112,9,0) -> 1869 | T31: =VLOOKUP(B31,[1]List!$B$2:$AM$105,38,0) -> Go
A32: 38 | B32: TBG03_CJ007 | C32: BANDAR HARJO | E32: JAWA TENGAH | F32: KOTA SEMARANG | G32: SEMARANG UTARA | H32: BANDARHARJO | I32: -6.96498 | J32: 110.42412 | K32: TBG | L32: GREEN FIELD | M32: Semarang Tawang | N32: KAI | P32: 3 | Q32: Star | R32: Semarang Poncol - Semarang Tawang 3 | S32: =VLOOKUP(B32,'Lampiran Segment'!C31:K114,9,0) -> 317 | T32: =VLOOKUP(B32,[1]List!$B$2:$AM$105,38,0) -> Go
A33: 39 | B33: 111172121 | C33: GATEP SAWAH MC-T-GF | E33: DKI JAKARTA | F33: KOTA ADM. JAKARTA PUSAT | G33: SAWAH BESAR | H33: MANGGA DUA SELATAN | I33: -6.14037 | J33: 106.82288 | K33: TBG | L33: GREEN FIELD | M33: Jayakarta | N33: KAI | P33: 3 | Q33: Star | R33: Angke - Jayakarta A | S33: =VLOOKUP(B33,'Lampiran Segment'!C32:K115,9,0) -> 396 | T33: =VLOOKUP(B33,[1]List!$B$2:$AM$105,38,0) -> Go
A34: 40 | B34: 1133122004 | C34: IBS LOKASARI PLAZA | E34: DKI JAKARTA | F34: KOTA ADM. JAKARTA BARAT | G34: TAMAN SARI | H34: TANGKI | I34: -6.14633 | J34: 106.82336 | K34: TBG | L34: ROOF TOP | M34: Jayakarta | N34: KAI | P34: 3 | Q34: Star | R34: Angke - Jayakarta B | S34: =VLOOKUP(B34,'Lampiran Segment'!C33:K116,9,0) -> 1507 | T34: =VLOOKUP(B34,[1]List!$B$2:$AM$105,38,0) -> Go
A35: 42 | B35: 1133112004 | C35: IBS RUMAH KOST/CV TAMAN SARI | E35: DKI JAKARTA | F35: KOTA ADM. JAKARTA BARAT | G35: TAMAN SARI | H35: TAMAN SARI | I35: -6.15238 | J35: 106.8238 | K35: TBG | L35: ROOF TOP | M35: Mangga Besar | N35: KAI | P35: 3 | Q35: Star | R35: Duri - Mangga Besar | S35: =VLOOKUP(B35,'Lampiran Segment'!C34:K118,9,0) -> 903 | T35: =VLOOKUP(B35,[1]List!$B$2:$AM$105,38,0) -> Go
A36: 43 | B36: 111545109 | C36: BATIK HAJADI | E36: DKI JAKARTA | F36: KOTA ADM. JAKARTA PUSAT | G36: TANAH ABANG | H36: GELORA | I36: -6.20307 | J36: 106.79791 | K36: TBG | L36: GREEN FIELD | M36: Palmerah | N36: KAI | P36: 3 | Q36: Star | R36: Tanah Abang - Palmerah | S36: =VLOOKUP(B36,'Lampiran Segment'!C34:K119,9,0) -> 963 | T36: =VLOOKUP(B36,[1]List!$B$2:$AM$105,38,0) -> Go
A37: 50 | B37: 111211121 | C37: PENGHULU LAMA MC-T-GF | E37: DKI JAKARTA | F37: KOTA ADM. JAKARTA SELATAN | G37: KEBAYORAN LAMA | H37: KEBAYORAN LAMA UTARA | I37: -6.2408 | J37: 106.78107 | K37: TBG | L37: GREEN FIELD | M37: Kebayoran | N37: KAI | P37: 3 | Q37: Star | R37: Kebayoran - Pondok Ranji | S37: =VLOOKUP(B37,'Lampiran Segment'!C41:K126,9,0) -> 81 | T37: =VLOOKUP(B37,[1]List!$B$2:$AM$105,38,0) -> Go
A38: 51 | B38: GTI11B012 | C38: Station Cilegon | E38: BANTEN | F38: KOTA CILEGON | G38: JOMBANG | H38: JOMBANG WETAN | I38: -6.017389 | J38: 106.0525 | K38: GIHON | L38: ROOF TOP | M38: Cilegon | N38: KAI | P38: 3 | Q38: Star | R38: Krenceng - Cilegon 1 | S38: =VLOOKUP(B38,'Lampiran Segment'!F1:K78,6,0) -> 736 | T38: =VLOOKUP(B38,[1]List!$B$2:$AM$105,38,0) -> Go
A39: 52 | B39: 1321162007 | C39: IBS CIMUNCANG SERANG | E39: BANTEN | F39: KOTA SERANG | G39: SERANG | H39: CIMUNCANG | I39: -6.11636 | J39: 106.162 | K39: TBG | L39: GREEN FIELD | M39: Serang | N39: KAI | P39: 3 | Q39: Star | R39: Karangantu - Serang 2 | S39: =VLOOKUP(B39,'Lampiran Segment'!F2:K79,6,0) -> 445 | T39: =VLOOKUP(B39,[1]List!$B$2:$AM$105,38,0) -> Go
A40: 53 | B40: 130176110 | C40: 3G ABDUL HADI PANDEGLANG | E40: BANTEN | F40: KOTA SERANG | G40: SERANG | H40: CIPARE | I40: -6.12559 | J40: 106.15986 | K40: TBG | L40: ROOF TOP | M40: Serang | N40: KAI | P40: 3 | Q40: Star | R40: Serang - Walantaka 1 | S40: =VLOOKUP(B40,'Lampiran Segment'!F3:K80,6,0) -> 1891 | T40: =VLOOKUP(B40,[1]List!$B$2:$AM$105,38,0) -> Go
A41: 54 | B41: 1323011003 | C41: CIKANDE_CEMPLANG | E41: BANTEN | F41: KAB. SERANG | G41: JAWILAN | H41: CEMPLANG | I41: -6.329 | J41: 106.33747 | K41: TBG | L41: GREEN FIELD | M41: Citeras | N41: KAI | P41: 3 | Q41: Star | R41: Citeras - Maja 2 | S41: =VLOOKUP(B41,'Lampiran Segment'!F4:K81,6,0) -> 1370 | T41: =VLOOKUP(B41,[1]List!$B$2:$AM$105,38,0) -> Go
A42: 55 | B42: GTI13B023 | C42: Taman Tanjung | E42: BANTEN | F42: KOTA TANGERANG SELATAN | G42: SERPONG | H42: RAWABUNTU | I42: -6.30754 | J42: 106.68326 | K42: GIHON | L42: ROOF TOP | M42: Rawa Buntu | N42: KAI | P42: 3 | Q42: Star | R42: Rawa Buntu - Sudimara 4 | S42: =VLOOKUP(B42,'Lampiran Segment'!F5:K82,6,0) -> 1567 | T42: =VLOOKUP(B42,[1]List!$B$2:$AM$105,38,0) -> Go
A43: 56 | B43: 1303981004 | C43: SUDIMARA - RELOC | E43: BANTEN | F43: KOTA TANGERANG SELATAN | G43: CIPUTAT | H43: JOMBANG | I43: -6.29581 | J43: 106.71478 | K43: TBG | L43: GREEN FIELD | M43: Sudimara | N43: KAI | P43: 3 | Q43: Star | R43: Sudimara - Jurangmangu 1 | S43: =VLOOKUP(B43,'Lampiran Segment'!F6:K83,6,0) -> 810 | T43: =VLOOKUP(B43,[1]List!$B$2:$AM$105,38,0) -> Go
A44: 58 | B44: 122861109 | C44: BANJARKOTA-EGASARI | E44: JAWA BARAT | F44: KOTA BANJAR | G44: PATARUMAN | H44: HEGARSARI | I44: -7.38018 | J44: 108.54288 | K44: TBG | L44: GREEN FIELD | M44: Banjar | N44: KAI | P44: 3 | Q44: Star | R44: Banjar - Langen 1 | S44: =VLOOKUP(B44,'Lampiran Segment'!F8:K85,6,0) -> 802 | T44: =VLOOKUP(B44,[1]List!$B$2:$AM$105,38,0) -> Go
A45: 59 | B45: 121075104 | C45: LEUWIGOONG | E45: JAWA BARAT | F45: KAB. GARUT | G45: LEUWIGOONG | H45: LEUWIGOONG | I45: -7.09941 | J45: 107.95774 | K45: TBG | L45: GREEN FIELD | M45: Leuwigoong | N45: KAI | P45: 3 | Q45: Star | R45: Leuwigoong - Cibatu 1 | S45: =VLOOKUP(B45,'Lampiran Segment'!F9:K86,6,0) -> 664 | T45: =VLOOKUP(B45,[1]List!$B$2:$AM$105,38,0) -> Go
A46: 60 | B46: 124714126 | C46: RANCAEKEKKULON-BABAKANASTRA | E46: JAWA BARAT | F46: KAB. BANDUNG | G46: RANCAEKEK | H46: RANCAEKEK WETAN | I46: -6.95981 | J46: 107.76061 | K46: TBG | L46: GREEN FIELD | M46: Rancaekek | N46: KAI | P46: 3 | Q46: Star | R46: Rancaekek - Haurpugur 1 | S46: =VLOOKUP(B46,'Lampiran Segment'!F10:K87,6,0) -> 1415 | T46: =VLOOKUP(B46,[1]List!$B$2:$AM$105,38,0) -> Go
A47: 61 | B47: 125841103 | C47: KIARACONDONG_BABAKANSARI | E47: JAWA BARAT | F47: KOTA BANDUNG | G47: KIARACONDONG | H47: BABAKAN SARI | I47: -6.92417 | J47: 107.64904 | K47: TBG | L47: GREEN FIELD | M47: Kiaracondong | N47: KAI | P47: 3 | Q47: Star | R47: Kiaracondong - Gedebage 1 | S47: =VLOOKUP(B47,'Lampiran Segment'!F11:K88,6,0) -> 859 | T47: =VLOOKUP(B47,[1]List!$B$2:$AM$105,38,0) -> Go
A48: 62 | B48: GTI12JB015 | C48: Kalibaru Setiadarma | E48: JAWA BARAT | F48: KAB. BEKASI | G48: TAMBUN SELATAN | H48: MEKARSARI | I48: -6.257389 | J48: 107.06231 | K48: GIHON | L48: GREEN FIELD | M48: Tambun | N48: KAI | P48: 3 | Q48: Star | R48: Tambun - Cibitung 2 | S48: =VLOOKUP(B48,'Lampiran Segment'!F11:K89,6,0) -> 1115 | T48: =VLOOKUP(B48,[1]List!$B$2:$AM$105,38,0) -> Go
A49: 63 | B49: 120288109 | C49: BOJONG DEPOK BARU | E49: JAWA BARAT | F49: KAB. BOGOR | G49: BOJONG GEDE | H49: KEDUNGWARINGIN | I49: -6.49693 | J49: 106.79996 | K49: TBG | L49: GREEN FIELD | M49: Bojong Gede | N49: KAI | P49: 3 | Q49: Star | R49: Bojong Gede - Cibinong | S49: =VLOOKUP(B49,'Lampiran Segment'!F12:K90,6,0) -> 786 | T49: =VLOOKUP(B49,[1]List!$B$2:$AM$105,38,0) -> Go
A50: 64 | B50: T000043 | C50: PASAR TURI | E50: JAWA TIMUR | F50: KOTA SURABAYA | G50: BUBUTAN | H50: BUBUTAN | I50: -7.24665 | J50: 112.73391 | K50: TBG | L50: ROOF TOP | M50: Surabaya Pasar Turi | N50: KAI | P50: 3 | Q50: Star | R50: SURABAYA PASAR TURI - SURABAYA KOTA 3 | S50: =VLOOKUP(B50,'Lampiran Segment'!F12:K91,6,0) -> 257 | T50: =VLOOKUP(B50,[1]List!$B$2:$AM$105,38,0) -> Go
A51: 65 | B51: 163135126 | C51: UNAIR DHARMAWANGSA 2 | E51: JAWA TIMUR | F51: KOTA SURABAYA | G51: GUBENG | H51: AIRLANGGA | I51: -7.27344 | J51: 112.757 | K51: TBG | L51: GREEN FIELD | M51: Surabaya Gubeng | N51: KAI | P51: 3 | Q51: Star | R51: SURABAYA GUBENG - NGAGEL 2 | S51: =VLOOKUP(B51,'Lampiran Segment'!F13:K92,6,0) -> 1676 | T51: =VLOOKUP(B51,[1]List!$B$2:$AM$105,38,0) -> Go
A52: 66 | B52: T000041 | C52: GUBENG MUSTOPO | E52: JAWA TIMUR | F52: KOTA SURABAYA | G52: GUBENG | H52: MOJO | I52: -7.26815 | J52: 112.76104 | K52: TBG | L52: ROOF TOP | M52: Surabaya Gubeng | N52: KAI | P52: 3 | Q52: Star | R52: SURABAYA GUBENG - NGAGEL 3 | S52: =VLOOKUP(B52,'Lampiran Segment'!F14:K93,6,0) -> 1860 | T52: =VLOOKUP(B52,[1]List!$B$2:$AM$105,38,0) -> Go
A53: 68 | B53: T000512 | C53: MARHOREJO | E53: JAWA TIMUR | F53: KOTA SURABAYA | G53: WONOCOLO | H53: MARGOREJO | I53: -7.31856 | J53: 112.74363 | K53: TBG | L53: GREEN FIELD | M53: Margorejo | N53: KAI | P53: 3 | Q53: Star | R53: MARGOREJO - KERTOMENANGGAL 1 | S53: =VLOOKUP(B53,'Lampiran Segment'!F16:K95,6,0) -> 1394 | T53: =VLOOKUP(B53,[1]List!$B$2:$AM$105,38,0) -> Go
A54: 70 | B54: 161876109 | C54: MAHARDIKAWARU | E54: JAWA TIMUR | F54: KAB. SIDOARJO | G54: WARU | H54: KEDUNGREJO | I54: -7.35092 | J54: 112.73339 | K54: TBG | L54: ROOF TOP | M54: Waru | N54: KAI | P54: 3 | Q54: Star | R54: WARU - SAWOTRATAP 3 | S54: =VLOOKUP(B54,'Lampiran Segment'!F18:K97,6,0) -> 564 | T54: =VLOOKUP(B54,[1]List!$B$2:$AM$105,38,0) -> Go
A55: 71 | B55: 163181126 | C55: PAGERWOJO-SUNGKONO | E55: JAWA TIMUR | F55: KAB. SIDOARJO | G55: BUDURAN | H55: PAGERWOJO | I55: -7.44211 | J55: 112.71442 | K55: TBG | L55: GREEN FIELD | M55: Pagerwojo | N55: KAI | P55: 3 | Q55: Star | R55: PAGERWOJO - SIDOARJO 2 | S55: =VLOOKUP(B55,'Lampiran Segment'!F19:K98,6,0) -> 102 | T55: =VLOOKUP(B55,[1]List!$B$2:$AM$105,38,0) -> Go
A56: 72 | B56: 163157126 | C56: BANJARAGUNG 3 | E56: JAWA TIMUR | F56: KOTA MOJOKERTO | G56: KRANGGAN | H56: KRANGGAN | I56: -7.47632 | J56: 112.43198 | K56: TBG | L56: GREEN FIELD | M56: Mojokerto | N56: KAI | P56: 3 | Q56: Star | R56: MOJOKERTO - CURAHMALANG 1 | S56: =VLOOKUP(B56,'Lampiran Segment'!F20:K99,6,0) -> 536 | T56: =VLOOKUP(B56,[1]List!$B$2:$AM$105,38,0) -> Go
A57: 73 | B57: 1647952007 | C57: IBS MERI | E57: JAWA TIMUR | F57: KOTA MOJOKERTO | G57: KRANGGAN | H57: KRANGGAN | I57: -7.47648 | J57: 112.43681 | K57: TBG | L57: GREEN FIELD | M57: Mojokerto | N57: KAI | P57: 3 | Q57: Star | R57: MOJOKERTO - SUMOBITO 1 | S57: =VLOOKUP(B57,'Lampiran Segment'!F21:K100,6,0) -> 1874 | T57: =VLOOKUP(B57,[1]List!$B$2:$AM$105,38,0) -> Go
A58: 74 | B58: 160217104 | C58: KEPATIHAN | E58: JAWA TIMUR | F58: KAB. JOMBANG | G58: JOMBANG | H58: KEPATIHAN | I58: -7.5455 | J58: 112.23339 | K58: TBG | L58: GREEN FIELD | M58: Jombang | N58: KAI | P58: 3 | Q58: Star | R58: PETERONGAN - JOMBANG 4 | S58: =VLOOKUP(B58,'Lampiran Segment'!F22:K101,6,0) -> 3001 | T58: =VLOOKUP(B58,[1]List!$B$2:$AM$105,38,0) -> Go
A59: 75 | B59: TBG03_EJ179 | C59: KERTOSONO | E59: JAWA TIMUR | F59: KAB. NGANJUK | G59: KERTOSONO | H59: LAMBANGKUNING | I59: -7.58957 | J59: 112.09633 | K59: TBG | L59: GREEN FIELD | M59: Kertosono | N59: KAI | P59: 3 | Q59: Star | R59: KERTOSONO - BARON 2 | S59: =VLOOKUP(B59,'Lampiran Segment'!F23:K102,6,0) -> 1852 | T59: =VLOOKUP(B59,[1]List!$B$2:$AM$105,38,0) -> Go
A60: 76 | B60: 1628011001 | C60: GAMPENGREJOSAMBIRESIK1 | E60: JAWA TIMUR | F60: KAB. KEDIRI | G60: GAMPENGREJO | H60: SAMBIRESIK | I60: -7.77081 | J60: 112.0339 | K60: TBG | L60: GREEN FIELD | M60: Susuhan | N60: KAI | P60: 3 | Q60: Star | R60: MINGGIRAN - SUSUHAN 2 | S60: =VLOOKUP(B60,'Lampiran Segment'!F24:K103,6,0) -> 1381 | T60: =VLOOKUP(B60,[1]List!$B$2:$AM$105,38,0) -> Go
A61: 77 | B61: 1649892007 | C61: IBS SENGON | E61: JAWA TIMUR | F61: KAB. PASURUAN | G61: PURWOSARI | H61: SENGONAGUNG | I61: -7.74302 | J61: 112.72765 | K61: TBG | L61: GREEN FIELD | M61: Sengon | N61: KAI | P61: 3 | Q61: Star | R61: SENGON - SUKOREJO 2 | S61: =VLOOKUP(B61,'Lampiran Segment'!F25:K104,6,0) -> 2401 | T61: =VLOOKUP(B61,[1]List!$B$2:$AM$105,38,0) -> Go
A62: 78 | B62: 161332104 | C62: TEGALGEDE_TSEL | E62: JAWA TIMUR | F62: KAB. JEMBER | G62: SUMBERSARI | H62: SUMBERSARI | I62: -8.16639 | J62: 113.71155 | K62: TBG | L62: ROOF TOP | M62: Jember | N62: KAI | P62: 3 | Q62: Star | R62: JEMBER - ARJASA 1 | S62: =VLOOKUP(B62,'Lampiran Segment'!F26:K105,6,0) -> 1774 | T62: =VLOOKUP(B62,[1]List!$B$2:$AM$105,38,0) -> Go
A63: 79 | B63: TBG03_EJ125 | C63: JEMBER1 | E63: JAWA TIMUR | F63: KAB. JEMBER | G63: PATRANG | H63: GEBANG | I63: -8.17078 | J63: 113.6785 | K63: TBG | L63: GREEN FIELD | M63: Kaliwates | N63: KAI | P63: 3 | Q63: Star | R63: KALIWATES - JEMBER 3 | S63: =VLOOKUP(B63,'Lampiran Segment'!F27:K106,6,0) -> 1026 | T63: =VLOOKUP(B63,[1]List!$B$2:$AM$105,38,0) -> Go
A64: 80 | B64: 150235110 | C64: 3G_MANDALA KRIDA RELOCATION | E64: DAERAH ISTIMEWA YOGYAKARTA | F64: KOTA YOGYAKARTA | G64: GONDOKUSUMAN | H64: BACIRO | I64: -7.79402 | J64: 110.38304 | K64: TBG | L64: ROOF TOP | M64: Lempuyangan | N64: KAI | P64: 3 | Q64: Star | R64: LEMPUYANGAN - MAGUWO 1 | S64: =VLOOKUP(B64,'Lampiran Segment'!F28:K107,6,0) -> 1187 | T64: =VLOOKUP(B64,[1]List!$B$2:$AM$105,38,0) -> Go
A65: 81 | B65: 150123109 | C65: BUMIJO TBG | E65: DAERAH ISTIMEWA YOGYAKARTA | F65: KOTA YOGYAKARTA | G65: JETIS | H65: BUMIJO | I65: -7.78827 | J65: 110.358 | K65: TBG | L65: ROOF TOP | M65: Tugu Jogja | N65: KAI | P65: 3 | Q65: Star | R65: TUGU JOGJA - LEMPUYANGAN 3 | S65: =VLOOKUP(B65,'Lampiran Segment'!F28:K108,6,0) -> 101 | T65: =VLOOKUP(B65,[1]List!$B$2:$AM$105,38,0) -> Go
A66: 82 | B66: 1509741023 | C66: SLEMAN GAMPING | E66: DAERAH ISTIMEWA YOGYAKARTA | F66: KAB. SLEMAN | G66: GODEAN | H66: SIDOMULYO | I66: -7.79376 | J66: 110.29522 | K66: TBG | L66: GREEN FIELD | M66: Rewulu | N66: KAI | P66: 3 | Q66: Star | R66: REWULU - PATUKAN 3 | S66: =VLOOKUP(B66,'Lampiran Segment'!F28:K109,6,0) -> 2099 | T66: =VLOOKUP(B66,[1]List!$B$2:$AM$105,38,0) -> Go
A67: 83 | B67: 150659103 | C67: BALECATUR GAMPING | E67: DAERAH ISTIMEWA YOGYAKARTA | F67: KAB. BANTUL | G67: SEDAYU | H67: ARGOMULYO | I67: -7.79982 | J67: 110.28273 | K67: TBG | L67: GREEN FIELD | M67: Rewulu | N67: KAI | P67: 3 | Q67: Star | R67: REWULU - PATUKAN 1 | S67: =VLOOKUP(B67,'Lampiran Segment'!F28:K110,6,0) -> 637 | T67: =VLOOKUP(B67,[1]List!$B$2:$AM$105,38,0) -> Go
A68: 84 | B68: 142463126 | C68: BULUSTALAN 1 | E68: JAWA TENGAH | F68: KOTA SEMARANG | G68: SEMARANG SELATAN | H68: BARUSARI | I68: -6.98335 | J68: 110.40684 | K68: TBG | L68: GREEN FIELD | M68: Semarang Poncol | N68: KAI | P68: 3 | Q68: Star | R68: Jerakah - Semarang Poncol 2 | S68: =VLOOKUP(B68,'Lampiran Segment'!F29:K111,6,0) -> 1762 | T68: =VLOOKUP(B68,[1]List!$B$2:$AM$105,38,0) -> Go
A69: 85 | B69: 1436911023 | C69: MAOS CILACAP | E69: JAWA TENGAH | F69: KAB. CILACAP | G69: MAOS | H69: KARANGKEMIRI | I69: -7.62127 | J69: 109.13071 | K69: TBG | L69: GREEN FIELD | M69: Kasugihan | N69: KAI | P69: 3 | Q69: Star | R69: Kasugihan - Maos 1 | S69: =VLOOKUP(B69,'Lampiran Segment'!F30:K112,6,0) -> 1669 | T69: =VLOOKUP(B69,[1]List!$B$2:$AM$105,38,0) -> Go
A70: 86 | B70: 1440762003 | C70: IBS LAWEYAN | E70: JAWA TENGAH | F70: KOTA SURAKARTA | G70: LAWEYAN | H70: PURWOSARI | I70: -7.56414 | J70: 110.79979 | K70: TBG | L70: ROOF TOP | M70: Purwosari | N70: KAI | P70: 3 | Q70: Star | R70: Purwosari - Solo Kota 1 | S70: =VLOOKUP(B70,'Lampiran Segment'!F30:K113,6,0) -> 600 | T70: =VLOOKUP(B70,[1]List!$B$2:$AM$105,38,0) -> Go
A71: 87 | B71: 142566126 | C71: SMAN 03 | E71: JAWA TENGAH | F71: KOTA SEMARANG | G71: SEMARANG TENGAH | H71: SEKAYU | I71: -6.97852 | J71: 110.41184 | K71: TBG | L71: GREEN FIELD | M71: Semarang Poncol | N71: KAI | P71: 3 | Q71: Star | R71: Semarang Poncol - Semarang Tawang 1 | S71: =VLOOKUP(B71,'Lampiran Segment'!F31:K114,6,0) -> 690 | T71: =VLOOKUP(B71,[1]List!$B$2:$AM$105,38,0) -> Go
A72: 88 | B72: 1446221023 | C72: SEMARANG SEMARANG UTARA | E72: JAWA TENGAH | F72: KOTA SEMARANG | G72: SEMARANG UTARA | H72: BANDARHARJO | I72: -6.95908 | J72: 110.41924 | K72: TBG | L72: ROOF TOP | M72: Semarang Tawang | N72: KAI | P72: 3 | Q72: Star | R72: Semarang Tawang - Alastua 1 | S72: =VLOOKUP(B72,'Lampiran Segment'!F32:K115,6,0) -> 1418 | T72: =VLOOKUP(B72,[1]List!$B$2:$AM$105,38,0) -> Go
A73: 89 | B73: 1442382001 | C73: IBS SOLO EAST | E73: JAWA TENGAH | F73: KOTA SURAKARTA | G73: JEBRES | H73: PUCANGSAWIT | I73: -7.56884 | J73: 110.84811 | K73: TBG | L73: GREEN FIELD | M73: Solo Kota | N73: KAI | P73: 3 | Q73: Star | R73: Solo Kota - Palur 1 | S73: =VLOOKUP(B73,'Lampiran Segment'!F33:K116,6,0) -> 2303 | T73: =VLOOKUP(B73,[1]List!$B$2:$AM$105,38,0) -> Go
A74: 96 | B74: 110157102 | C74: PTSEMANANGRAFIKA | E74: DKI JAKARTA | F74: KOTA ADM. JAKARTA BARAT | G74: KALIDERES | H74: SEMANAN | I74: -6.16184 | J74: 106.70433 | K74: TBG | L74: GREEN FIELD | M74: Kalideres | N74: KAI | P74: 3 | Q74: Star | R74: Kalideres - Rawabuaya A | S74: =VLOOKUP(B74,'Lampiran Segment'!F38:K123,6,0) -> 726 | T74: =VLOOKUP(B74,[1]List!$B$2:$AM$105,38,0) -> Go
A75: 102 | B75: 111001109 | C75: TANAH KOJA 1 | E75: DKI JAKARTA | F75: KOTA ADM. JAKARTA TIMUR | G75: CAKUNG | H75: JATINEGARA | I75: -6.21164 | J75: 106.90162 | K75: TBG | L75: ROOF TOP | M75: Klender | N75: KAI | P75: 3 | Q75: Star | R75: Gang Sentiong - Klender | S75: =VLOOKUP(B75,'Lampiran Segment'!F44:K129,6,0) -> 826 | T75: =VLOOKUP(B75,[1]List!$B$2:$AM$105,38,0) -> Go
A76: 103 | B76: 111150121 | C76: RAJAWALI BARAT MC-T-GF | E76: DKI JAKARTA | F76: KOTA ADM. JAKARTA SELATAN | G76: PANCORAN | H76: RAWAJATI | I76: -6.25127 | J76: 106.85673 | K76: TBG | L76: GREEN FIELD | M76: Duren Kalibata | N76: KAI | P76: 3 | Q76: Star | R76: Kebayoran - Duren Kalibata | S76: =VLOOKUP(B76,'Lampiran Segment'!F45:K130,6,0) -> 37 | T76: =VLOOKUP(B76,[1]List!$B$2:$AM$105,38,0) -> Go
A77: 104 | B77: 160435109 | C77: MARGOMULYO RELOK | E77: JAWA TIMUR | F77: KOTA SURABAYA | G77: TANDES | H77: Balongsari | I77: -7.25757 | J77: 112.67808 | K77: TBG | L77: GREEN FIELD | M77: Tandes | N77: KAI | P77: 3 | Q77: Star | R77: KANDANGAN - TANDES 1 | S77: =VLOOKUP(B77,'Lampiran Segment'!F46:K131,6,0) -> 350 | T77: =VLOOKUP(B77,[1]List!$B$2:$AM$105,38,0) -> Go
A78: 105 | B78: 163372126 | C78: PANGGUNGREJO 1 | E78: JAWA TIMUR | F78: KOTA PASURUAN | G78: PANGGUNGREJO | H78: Mandaranrejo | I78: -7.63335 | J78: 112.91675 | K78: TBG | L78: GREEN FIELD | M78: Pasuruan | N78: KAI | P78: 3 | Q78: Star | R78: PASURUAN - REJOSO 2 | S78: =VLOOKUP(B78,'Lampiran Segment'!F47:K132,6,0) -> 1416 | T78: =VLOOKUP(B78,[1]List!$B$2:$AM$105,38,0) -> Go
A79: 106 | B79: 1647992007 | C79: IBS MOJOKERTO_KOTA | E79: JAWA TIMUR | F79: KOTA MOJOKERTO | G79: KRANGGAN | H79: Sentanan | I79: -7.46982 | J79: 112.43229 | K79: TBG | L79: ROOF TOP | M79: Mojokerto | N79: KAI | P79: 3 | Q79: Star | R79: TARIK - MOJOKERTO 1 | S79: =VLOOKUP(B79,'Lampiran Segment'!F48:K133,6,0) -> 304 | T79: =VLOOKUP(B79,[1]List!$B$2:$AM$105,38,0) -> Go
A80: 107 | B80: 1647682003 | C80: IBS BABAT | E80: JAWA TIMUR | F80: KAB. LAMONGAN | G80: BABAT | H80: Babat | I80: -7.11037 | J80: 112.17065 | K80: TBG | L80: GREEN FIELD | M80: Babat | N80: KAI | P80: 3 | Q80: Star | R80: BOWERNO - BABAT | S80: =VLOOKUP(B80,'Lampiran Segment'!F49:K134,6,0) -> 913 | T80: =VLOOKUP(B80,[1]List!$B$2:$AM$105,38,0) -> Go

Sheet Lampiran Segment
A1: NO | B1: Segment | C1: NE | D1: NE Long | E1: NE Lat | F1: FE | G1: FE Long | H1: FE Lat | I1: ring_name | J1: route_type | K1: length | L1: FO Hub 1 | M1: FO Hub 2 | N1: POP Type | O1: status site a | P1: status site b | Q1: RFS Plan | R1: Provinsi | S1: Kota Kab | T1: Vendor | U1: Status
A2: 1 | B2: Cilegon;GTI11B012 | C2: Cilegon | D2: 106.05512 | E2: -6.020456 | F2: GTI11B012 | G2: 106.0525 | H2: -6.017389 | I2: Krenceng - Cilegon 1 | J2: Star | K2: 736 | L2: Krenceng | M2: Cilegon 1 | N2: KAI | O2: Station | P2: Direct to Station | R2: Banten | S2: KOTA CILEGON | U2: =VLOOKUP(F2,'Lampiran Site'!$B$3:$T$80,19,0) -> Go | V2: =VLOOKUP(C2,'Lampiran Site'!$B$3:$B$80,1,0) -> #N/A
A3: 2 | B3: GTI12B046;Serang | C3: GTI12B046 | D3: 106.1515 | E3: -6.116444 | F3: Serang | G3: 106.1599 | H3: -6.11546 | I3: Karangantu - Serang 1 | J3: Star | K3: 1751 | L3: Karangantu | M3: Serang 1 | N3: KAI | O3: Direct to Station | P3: Sation | R3: Banten | S3: KOTA SERANG | U3: =VLOOKUP(C3,'Lampiran Site'!$B$3:$T$80,19,0) -> Go
A4: 3 | B4: Serang;1321162007 | C4: Serang | D4: 106.1599 | E4: -6.11546 | F4: 1321162007 | G4: 106.162 | H4: -6.11636 | I4: Karangantu - Serang 2 | J4: Star | K4: 445 | L4: Karangantu | M4: Serang 2 | N4: KAI | O4: Station | P4: Direct to Station | R4: Banten | S4: KOTA SERANG | U4: =VLOOKUP(F4,'Lampiran Site'!$B$3:$T$80,19,0) -> Go
A5: 4 | B5: Serang;130176110 | C5: Serang | D5: 106.1599 | E5: -6.11546 | F5: 130176110 | G5: 106.15986 | H5: -6.12559 | I5: Serang - Walantaka 1 | J5: Star | K5: 1891 | L5: Serang | M5: Walantaka 1 | N5: KAI | O5: Station | P5: Direct to Station | R5: Banten | S5: KOTA SERANG | U5: =VLOOKUP(F5,'Lampiran Site'!$B$3:$T$80,19,0) -> Go
A6: 5 | B6: T000365;Rangkasbitung; | C6: T000365 | D6: 106.3231 | E6: -6.34117 | F6: Rangkasbitung | G6: 106.2515 | H6: -6.352713 | I6: Rangkasbitung - Citeras | J6: Star | K6: 2085.6 | L6: Rangkasbitung | M6: Citeras | N6: KAI | O6: Direct to Station | P6: Sation | R6: Banten | S6: KAB. LEBAK | U6: =VLOOKUP(C6,'Lampiran Site'!$B$3:$T$80,19,0) -> Go
A7: 6 | B7: 130218104;Maja | C7: 130218104 | D7: 106.39772 | E7: -6.3423 | F7: Maja | G7: 106.39449 | H7: -6.331748 | I7: Citeras - Maja 1 | J7: Star | K7: 3128 | L7: Citeras | M7: Maja 1 | N7: KAI | O7: Direct to Station | P7: Sation | R7: Banten | S7: KAB. LEBAK | U7: =VLOOKUP(C7,'Lampiran Site'!$B$3:$T$80,19,0) -> Go
A8: 7 | B8: Citeras;1323011003 | C8: Citeras | D8: 106.33108 | E8: -6.335325 | F8: 1323011003 | G8: 106.33747 | H8: -6.329 | I8: Citeras - Maja 2 | J8: Star | K8: 1370 | L8: Citeras | M8: Maja 2 | N8: KAI | O8: Station | P8: Direct to Station | R8: Banten | S8: KAB. SERANG | U8: =VLOOKUP(F8,'Lampiran Site'!$B$3:$T$80,19,0) -> Go
A9: 8 | B9: Rawa Buntu;GTI13B023 | C9: Rawa Buntu | D9: 106.67723 | E9: -6.314366 | F9: GTI13B023 | G9: 106.68326 | H9: -6.30754 | I9: Rawa Buntu - Sudimara 4 | J9: Star | K9: 1567 | L9: Rawa Buntu | M9: Sudimara 4 | N9: KAI | O9: Station | P9: Direct to Station | R9: Banten | S9: KOTA TANGERANG SELATAN | U9: =VLOOKUP(F9,'Lampiran Site'!$B$3:$T$80,19,0) -> Go
A10: 9 | B10: Sudimara;1303981004 | C10: Sudimara | D10: 106.7113 | E10: -6.297691 | F10: 1303981004 | G10: 106.71478 | H10: -6.29581 | I10: Sudimara - Jurangmangu 1 | J10: Star | K10: 810 | L10: Sudimara | M10: Jurangmangu 1 | N10: KAI | O10: Station | P10: Direct to Station | R10: Banten | S10: KOTA TANGERANG SELATAN | U10: =VLOOKUP(F10,'Lampiran Site'!$B$3:$T$80,19,0) -> Go
A11: 11 | B11: 131098126;Pondok Ranji | C11: 131098126 | D11: 106.74471 | E11: -6.27362 | F11: Pondok Ranji | G11: 106.74549 | H11: -6.275998 | I11: Jurangmangu - Pondok Ranji 1 | J11: Star | K11: 374 | L11: Jurangmangu | M11: Pondok Ranji 1 | N11: KAI | O11: Direct to Station | P11: Sation | R11: Banten | S11: KOTA TANGERANG SELATAN | U11: =VLOOKUP(C11,'Lampiran Site'!$B$3:$T$80,19,0) -> Go
A12: 13 | B12: 121015104;Cirebon Prujakan | C12: 121015104 | D12: -6.71869 | E12: 108.559 | F12: Cirebon Prujakan | G12: 108.5588 | H12: -6.719353 | I12: Cirebon - Cirebon Perujakan 2 | J12: Star | K12: 452 | L12: Cirebon | M12: Cirebon Perujakan 2 | N12: KAI | O12: Direct to Station | P12: Sation | R12: JAWA BARAT | S12: KOTA CIREBON | U12: =VLOOKUP(C12,'Lampiran Site'!$B$3:$T$80,19,0) -> Go
A13: 14 | B13: 122492110;Pabuaran | C13: 122492110 | D13: -6.41161 | E13: 107.575 | F13: Pabuaran | G13: 107.58406 | H13: -6.409285 | I13: Cikampek - Pabuaran 1 | J13: Star | K13: 1889 | L13: Cikampek | M13: Pabuaran 1 | N13: KAI | O13: Direct to Station | P13: Sation | R13: JAWA BARAT | S13: KAB. SUBANG | U13: =VLOOKUP(C13,'Lampiran Site'!$B$3:$T$80,19,0) -> Go
A14: 15 | B14: Banjar;122861109 | C14: Banjar | D14: 108.54244 | E14: -7.376347 | F14: 122861109 | G14: -7.38018 | H14: 108.543 | I14: Banjar - Langen 1 | J14: Star | K14: 802 | L14: Banjar | M14: Langen 1 | N14: KAI | O14: Station | P14: Direct to Station | R14: JAWA BARAT | S14: KOTA BANJAR | U14: =VLOOKUP(F14,'Lampiran Site'!$B$3:$T$80,19,0) -> Go
A15: 16 | B15: 120851104;Banjar | C15: 120851104 | D15: -7.37767 | E15: 108.537 | F15: Banjar | G15: 108.54244 | H15: -7.376347 | I15: Karangpucung - banjar 2 | J15: Star | K15: 657 | L15: Karangpucung | M15: banjar 2 | N15: KAI | O15: Direct to Station | P15: Sation | R15: JAWA BARAT | S15: KOTA BANJAR | U15: =VLOOKUP(C15,'Lampiran Site'!$B$3:$T$80,19,0) -> Go
A16: 17 | B16: Leuwigoong;121075104 | C16: Leuwigoong | D16: 107.95828 | E16: -7.103436 | F16: 121075104 | G16: -7.09941 | H16: 107.958 | I16: Leuwigoong - Cibatu 1 | J16: Star | K16: 664 | L16: Leuwigoong | M16: Cibatu 1 | N16: KAI | O16: Station | P16: Direct to Station | R16: JAWA BARAT | S16: KAB. GARUT | U16: =VLOOKUP(F16,'Lampiran Site'!$B$3:$T$80,19,0) -> Go
A17: 18 | B17: 120465109;Garut | C17: 120465109 | D17: -7.20741 | E17: 107.91 | F17: Garut | G17: 107.90358 | H17: -7.213519 | I17: Wanaraja - Garut 3 | J17: Star | K17: 1312 | L17: Wanaraja | M17: Garut 3 | N17: KAI | O17: Direct to Station | P17: Sation | R17: JAWA BARAT | S17: KAB. GARUT | U17: =VLOOKUP(C17,'Lampiran Site'!$B$3:$T$80,19,0) -> Go
A18: 19 | B18: 122876109;Garut | C18: 122876109 | D18: -7.21398 | E18: 107.905 | F18: Garut | G18: 107.90358 | H18: -7.213519 | I18: Wanaraja - Garut 1 | J18: Star | K18: 119 | L18: Wanaraja | M18: Garut 1 | N18: KAI | O18: Direct to Station | P18: Sation | R18: JAWA BARAT | S18: KAB. GARUT | U18: =VLOOKUP(C18,'Lampiran Site'!$B$3:$T$80,19,0) -> Go
A19: 20 | B19: 121272104;Cicalengka | C19: 121272104 | D19: -6.98581 | E19: 107.833 | F19: Cicalengka | G19: 107.83283 | H19: -6.981614 | I19: Haurpugur - Cicalengka 2 | J19: Star | K19: 1146 | L19: Haurpugur | M19: Cicalengka 2 | N19: KAI | O19: Direct to Station | P19: Sation | R19: JAWA BARAT | S19: KAB. BANDUNG | U19: =VLOOKUP(C19,'Lampiran Site'!$B$3:$T$80,19,0) -> Go
A20: 21 | B20: 121327104;Haurpugur | C20: 121327104 | D20: -6.98902 | E20: 107.799 | F20: Haurpugur | G20: 107.79987 | H20: -6.98075 | I20: Rancaekek - Haurpugur 2 | J20: Star | K20: 1147 | L20: Rancaekek | M20: Haurpugur 2 | N20: KAI | O20: Direct to Station | P20: Sation | R20: JAWA BARAT | S20: KAB. BANDUNG | U20: =VLOOKUP(C20,'Lampiran Site'!$B$3:$T$80,19,0) -> Go
A21: 22 | B21: Rancaekek;124714126 | C21: Rancaekek | D21: 107.75575 | E21: -6.964729 | F21: 124714126 | G21: -6.95981 | H21: 107.761 | I21: Rancaekek - Haurpugur 1 | J21: Star | K21: 1415 | L21: Rancaekek | M21: Haurpugur 1 | N21: KAI | O21: Station | P21: Direct to Station | R21: JAWA BARAT | S21: KAB. BANDUNG | U21: =VLOOKUP(F21,'Lampiran Site'!$B$3:$T$80,19,0) -> Go
A22: 23 | B22: 125871101;Rancaekek | C22: 125871101 | D22: -6.96344 | E22: 107.754 | F22: Rancaekek | G22: 107.75575 | H22: -6.964729 | I22: Cimekar - Rancaekek 1 | J22: Star | K22: 187 | L22: Cimekar | M22: Rancaekek 1 | N22: KAI | O22: Direct to Station | P22: Sation | R22: JAWA BARAT | S22: KAB. BANDUNG | U22: =VLOOKUP(C22,'Lampiran Site'!$B$3:$T$80,19,0) -> Go
A23: 24 | B23: Kiaracondong;125841103 | C23: Kiaracondong | D23: 107.64623 | E23: -6.925123 | F23: 125841103 | G23: -6.92417 | H23: 107.649 | I23: Kiaracondong - Gedebage 1 | J23: Star | K23: 859 | L23: Kiaracondong | M23: Gedebage 1 | N23: KAI | O23: Station | P23: Direct to Station | R23: JAWA BARAT | S23: KOTA BANDUNG | U23: =VLOOKUP(F23,'Lampiran Site'!$B$3:$T$80,19,0) -> Go
A24: 25 | B24: GTI25JBR023;Gedebage | C24: GTI25JBR023 | D24: -6.94052 | E24: 107.691 | F24: Gedebage | G24: 107.68944 | H24: -6.94096 | I24: Kiaracondong - Gedebage 1 | J24: Star | K24: 205 | L24: Kiaracondong | M24: Gedebage 1 | N24: KAI | O24: Direct to Station | P24: Sation | R24: JAWA BARAT | S24: KOTA BANDUNG | U24: =VLOOKUP(C24,'Lampiran Site'!$B$3:$T$80,19,0) -> Go
A25: 26 | B25: 122376109;Padalarang | C25: 122376109 | D25: -6.83969 | E25: 107.497 | F25: Padalarang | G25: 107.49734 | H25: -6.843111 | I25: Tagogapu - padalarang 1 | J25: Star | K25: 815 | L25: Tagogapu | M25: padalarang 1 | N25: KAI | O25: Direct to Station | P25: Sation | R25: JAWA BARAT | S25: KAB. BANDUNG BARAT | U25: =VLOOKUP(C25,'Lampiran Site'!$B$3:$T$80,19,0) -> Go
A26: 27 | B26: GTI13JB020;Purwakarta | C26: GTI13JB020 | D26: -6.54408 | E26: 107.436 | F26: Purwakarta | G26: 107.44621 | H26: -6.552578 | I26: Sadang - Purwakarta 3 | J26: Star | K26: 1934 | L26: Sadang | M26: Purwakarta 3 | N26: KAI | O26: Direct to Station | P26: Sation | R26: JAWA BARAT | S26: KAB. PURWAKARTA | U26: =VLOOKUP(C26,'Lampiran Site'!$B$3:$T$80,19,0) -> Go
A27: 29 | B27: 123556109;GTI12JB015 | C27: 123556109 | D27: -6.25807 | E27: 107.058 | F27: GTI12JB015 | G27: -6.25739 | H27: 107.062 | I27: Tambun - Cibitung 2 | J27: Star | K27: 1115 | L27: Tambun | M27: Cibitung 2 | N27: KAI | O27: Station | P27: Direct to Station | R27: JAWA BARAT | S27: KAB. BEKASI | U27: =VLOOKUP(F27,'Lampiran Site'!$B$3:$T$80,19,0) -> Go
A28: 33 | B28: 125966123;Cilebut | C28: 125966123 | D28: -6.52195 | E28: 106.799 | F28: Cilebut | G28: 106.80057 | H28: -6.530491 | I28: Bojong Gede - Cilebut 1 | J28: Star | K28: 963 | L28: Bojong Gede | M28: Cilebut 1 | N28: KAI | O28: Direct to Station | P28: Sation | R28: JAWA BARAT | S28: KAB. BOGOR | U28: =VLOOKUP(C28,'Lampiran Site'!$B$3:$T$80,19,0) -> Go
A29: 34 | B29: Bojong Gede;120288109 | C29: Bojong Gede | D29: 106.79487 | E29: -6.493185 | F29: 120288109 | G29: -6.49693 | H29: 106.8 | I29: Bojong Gede - Cibinong | J29: Star | K29: 786 | L29: Bojong Gede | M29: Cibinong | N29: KAI | O29: Station | P29: Direct to Station | R29: JAWA BARAT | S29: KAB. BOGOR | U29: =VLOOKUP(F29,'Lampiran Site'!$B$3:$T$80,19,0) -> Go
A30: 36 | B30: Surabaya Pasar Turi;T000043 | C30: Surabaya Pasar Turi | D30: -7.245962 | E30: 112.73263 | F30: T000043 | G30: -7.24665 | H30: 112.73391 | I30: SURABAYA PASAR TURI - SURABAYA KOTA 3 | J30: Star | K30: 257 | L30: SURABAYA PASAR TURI | M30: SURABAYA KOTA 3 | N30: KAI | O30: Station | P30: Direct to Station | R30: Jawa Timur | S30: KOTA SURABAYA | U30: =VLOOKUP(F30,'Lampiran Site'!$B$3:$T$80,19,0) -> Go
A31: 37 | B31: Surabaya Gubeng;163135126 | C31: Surabaya Gubeng | D31: -7.26439 | E31: 112.75255 | F31: 163135126 | G31: -7.27344 | H31: 112.757 | I31: SURABAYA GUBENG - NGAGEL 2 | J31: Star | K31: 1676 | L31: SURABAYA GUBENG | M31: NGAGEL 2 | N31: KAI | O31: Station | P31: Direct to Station | R31: Jawa Timur | S31: KOTA SURABAYA | U31: =VLOOKUP(F31,'Lampiran Site'!$B$3:$T$80,19,0) -> Go
A32: 38 | B32: Surabaya Gubeng;T000041 | C32: Surabaya Gubeng | D32: -7.26439 | E32: 112.75255 | F32: T000041 | G32: -7.26815 | H32: 112.76104 | I32: SURABAYA GUBENG - NGAGEL 3 | J32: Star | K32: 1860 | L32: SURABAYA GUBENG | M32: NGAGEL 3 | N32: KAI | O32: Station | P32: Direct to Station | R32: Jawa Timur | S32: KOTA SURABAYA | U32: =VLOOKUP(F32,'Lampiran Site'!$B$3:$T$80,19,0) -> Go
A33: 40 | B33: Margorejo;T000512 | C33: Margorejo | D33: -7.316243 | E33: 112.73411 | F33: T000512 | G33: -7.31856 | H33: 112.74363 | I33: MARGOREJO - KERTOMENANGGAL 1 | J33: Star | K33: 1394 | L33: MARGOREJO | M33: KERTOMENANGGAL 1 | N33: KAI | O33: Station | P33: Direct to Station | R33: Jawa Timur | S33: KOTA SURABAYA | U33: =VLOOKUP(F33,'Lampiran Site'!$B$3:$T$80,19,0) -> Go
A34: 42 | B34: 1647052007;Sawotratap | C34: 1647052007 | D34: -7.36763 | E34: 112.73315 | F34: Sawotratap | G34: -7.367798 | H34: 112.72943 | I34: WARU - SAWOTRATAP 2 | J34: Star | K34: 606 | L34: WARU | M34: SAWOTRATAP 2 | N34: KAI | O34: Direct to Station | P34: Sation | R34: Jawa Timur | S34: KAB. SIDOARJO | U34: =VLOOKUP(C34,'Lampiran Site'!$B$3:$T$80,19,0) -> Go
A35: 43 | B35: Waru;161876109 | C35: Waru | D35: -7.35115 | E35: 112.7293 | F35: 161876109 | G35: -7.35092 | H35: 112.73339 | I35: WARU - SAWOTRATAP 3 | J35: Star | K35: 564 | L35: WARU | M35: SAWOTRATAP 3 | N35: KAI | O35: Station | P35: Direct to Station | R35: Jawa Timur | S35: KAB. SIDOARJO | U35: =VLOOKUP(F35,'Lampiran Site'!$B$3:$T$80,19,0) -> Go
A36: 44 | B36: 161420110;Buduran | C36: 161420110 | D36: -7.43213 | E36: 112.72768 | F36: Buduran | G36: -7.428294 | H36: 112.72282 | I36: GEDANGAN - BUDURAN 3 | J36: Star | K36: 1201 | L36: GEDANGAN | M36: BUDURAN 3 | N36: KAI | O36: Direct to Station | P36: Sation | R36: Jawa Timur | S36: KAB. SIDOARJO | U36: =VLOOKUP(C36,'Lampiran Site'!$B$3:$T$80,19,0) -> Go
A37: 45 | B37: Pagerwojo;163181126 | C37: Pagerwojo | D37: -7.442376 | E37: 112.71524 | F37: 163181126 | G37: -7.44211 | H37: 112.71442 | I37: PAGERWOJO - SIDOARJO 2 | J37: Star | K37: 102 | L37: PAGERWOJO | M37: SIDOARJO 2 | N37: KAI | O37: Station | P37: Direct to Station | R37: Jawa Timur | S37: KAB. SIDOARJO | U37: =VLOOKUP(F37,'Lampiran Site'!$B$3:$T$80,19,0) -> Go
A38: 46 | B38: 1649262007;Sidoarjo | C38: 1649262007 | D38: -7.44911 | E38: 112.71009 | F38: Sidoarjo | G38: -7.454206 | H38: 112.71315 | I38: PAGERWOJO - SIDOARJO 2 | J38: Star | K38: 1226 | L38: PAGERWOJO | M38: SIDOARJO 2 | N38: KAI | O38: Direct to Station | P38: Sation | R38: Jawa Timur | S38: KAB. SIDOARJO | U38: =VLOOKUP(C38,'Lampiran Site'!$B$3:$T$80,19,0) -> Go
A39: 47 | B39: 1647062007;Gedangan | C39: 1647062007 | D39: -7.38745 | E39: 112.72716 | F39: Gedangan | G39: -7.389484 | H39: 112.72871 | I39: SEPANJANG - GEDANGAN 1 | J39: Star | K39: 520 | L39: SEPANJANG | M39: GEDANGAN 1 | N39: KAI | O39: Direct to Station | P39: Sation | R39: Jawa Timur | S39: KAB. SIDOARJO | U39: =VLOOKUP(C39,'Lampiran Site'!$B$3:$T$80,19,0) -> Go
A40: 48 | B40: Mojokerto;163157126 | C40: Mojokerto | D40: -7.472328 | E40: 112.43206 | F40: 163157126 | G40: -7.47632 | H40: 112.43198 | I40: MOJOKERTO - CURAHMALANG 1 | J40: Star | K40: 536 | L40: MOJOKERTO | M40: CURAHMALANG 1 | N40: KAI | O40: Station | P40: Direct to Station | R40: Jawa Timur | S40: KOTA MOJOKERTO | U40: =VLOOKUP(F40,'Lampiran Site'!$B$3:$T$80,19,0) -> Go
A41: 49 | B41: Mojokerto;1647952007 | C41: Mojokerto | D41: -7.472328 | E41: 112.43206 | F41: 1647952007 | G41: -7.47648 | H41: 112.43681 | I41: MOJOKERTO - SUMOBITO 1 | J41: Star | K41: 1874 | L41: MOJOKERTO | M41: SUMOBITO 1 | N41: KAI | O41: Station | P41: Direct to Station | R41: Jawa Timur | S41: KOTA MOJOKERTO | U41: =VLOOKUP(F41,'Lampiran Site'!$B$3:$T$80,19,0) -> Go
A42: 50 | B42: 163317126;Jombang | C42: 163317126 | D42: -7.55253 | E42: 112.23177 | F42: Jombang | G42: -7.561366 | H42: 112.2251 | I42: PETERONGAN - JOMBANG 3 | J42: Star | K42: 1891 | L42: PETERONGAN | M42: JOMBANG 3 | N42: KAI | O42: Direct to Station | P42: Sation | R42: Jawa Timur | S42: KAB. JOMBANG | U42: =VLOOKUP(C42,'Lampiran Site'!$B$3:$T$80,19,0) -> Go
A43: 51 | B43: Jombang;160217104 | C43: Jombang | D43: -7.561366 | E43: 112.2251 | F43: 160217104 | G43: -7.5455 | H43: 112.23339 | I43: PETERONGAN - JOMBANG 4 | J43: Star | K43: 3001 | L43: PETERONGAN | M43: JOMBANG 4 | N43: KAI | O43: Station | P43: Direct to Station | R43: Jawa Timur | S43: KAB. JOMBANG | U43: =VLOOKUP(F43,'Lampiran Site'!$B$3:$T$80,19,0) -> Go
A44: 52 | B44: Kertosono;TBG03_EJ179 | C44: Kertosono | D44: -7.594479 | E44: 112.10648 | F44: TBG03_EJ179 | G44: -7.58957 | H44: 112.09633 | I44: KERTOSONO - BARON 2 | J44: Star | K44: 1852 | L44: KERTOSONO | M44: BARON 2 | N44: KAI | O44: Station | P44: Direct to Station | R44: Jawa Timur | S44: KAB. NGANJUK | U44: =VLOOKUP(F44,'Lampiran Site'!$B$3:$T$80,19,0) -> Go
A45: 53 | B45: Susuhan;1628011001 | C45: Susuhan | D45: -7.769493 | E45: 112.02678 | F45: 1628011001 | G45: -7.77081 | H45: 112.0339 | I45: MINGGIRAN - SUSUHAN 2 | J45: Star | K45: 1381 | L45: MINGGIRAN | M45: SUSUHAN 2 | N45: KAI | O45: Station | P45: Direct to Station | R45: Jawa Timur | S45: KAB. KEDIRI | U45: =VLOOKUP(F45,'Lampiran Site'!$B$3:$T$80,19,0) -> Go
A46: 54 | B46: 161395110;Malang Kota Lama | C46: 161395110 | D46: -7.99556 | E46: 112.62598 | F46: Malang Kota Lama | G46: -7.993841 | H46: 112.63361 | I46: PAKISAJI - MALANG KOTA LAMA 1 | J46: Star | K46: 1721 | L46: PAKISAJI | M46: MALANG KOTA LAMA 1 | N46: KAI | O46: Direct to Station | P46: Sation | R46: Jawa Timur | S46: KOTA MALANG | U46: =VLOOKUP(C46,'Lampiran Site'!$B$3:$T$80,19,0) -> Go
A47: 55 | B47: 1650662001;Blimbing | C47: 1650662001 | D47: -7.94624 | E47: 112.64762 | F47: Blimbing | G47: -7.941571 | H47: 112.64439 | I47: MALANG - BLIMBING 1 | J47: Star | K47: 997 | L47: MALANG | M47: BLIMBING 1 | N47: KAI | O47: Direct to Station | P47: Sation | R47: Jawa Timur | S47: KOTA MALANG | U47: =VLOOKUP(C47,'Lampiran Site'!$B$3:$T$80,19,0) -> Go
A48: 56 | B48: 163870110;Singosari | C48: 163870110 | D48: -7.9042 | E48: 112.65996 | F48: Singosari | G48: -7.897045 | H48: 112.66489 | I48: BLIMBING - SINGOSARI 1 | J48: Star | K48: 1332 | L48: BLIMBING | M48: SINGOSARI 1 | N48: KAI | O48: Direct to Station | P48: Sation | R48: Jawa Timur | S48: KAB. MALANG | U48: =VLOOKUP(C48,'Lampiran Site'!$B$3:$T$80,19,0) -> Go
A49: 57 | B49: Sengon;1649892007 | C49: Sengon | D49: -7.754245 | E49: 112.7244 | F49: 1649892007 | G49: -7.74302 | H49: 112.72765 | I49: SENGON - SUKOREJO 2 | J49: Star | K49: 2401 | L49: SENGON | M49: SUKOREJO 2 | N49: KAI | O49: Station | P49: Direct to Station | R49: Jawa Timur | S49: KAB. PASURUAN | U49: =VLOOKUP(F49,'Lampiran Site'!$B$3:$T$80,19,0) -> Go
A50: 58 | B50: 1654591001;Kaliwates | C50: 1654591001 | D50: -8.18112 | E50: 113.67416 | F50: Kaliwates | G50: -8.177368 | H50: 113.67743 | I50: MANGLI - KALIWATES 1 | J50: Star | K50: 895 | L50: MANGLI | M50: KALIWATES 1 | N50: KAI | O50: Direct to Station | P50: Sation | R50: Jawa Timur | S50: KAB. JEMBER | U50: =VLOOKUP(C50,'Lampiran Site'!$B$3:$T$80,19,0) -> Go
A51: 59 | B51: Jember;161332104 | C51: Jember | D51: -8.1667 | E51: 113.7015 | F51: 161332104 | G51: -8.16639 | H51: 113.71155 | I51: JEMBER - ARJASA 1 | J51: Star | K51: 1774 | L51: JEMBER | M51: ARJASA 1 | N51: KAI | O51: Station | P51: Direct to Station | R51: Jawa Timur | S51: KAB. JEMBER | U51: =VLOOKUP(F51,'Lampiran Site'!$B$3:$T$80,19,0) -> Go
A52: 60 | B52: Kaliwates;TBG03_EJ125 | C52: Kaliwates | D52: -8.177368 | E52: 113.67743 | F52: TBG03_EJ125 | G52: -8.17078 | H52: 113.6785 | I52: KALIWATES - JEMBER 3 | J52: Star | K52: 1026 | L52: KALIWATES | M52: JEMBER 3 | N52: KAI | O52: Station | P52: Direct to Station | R52: Jawa Timur | S52: KAB. JEMBER | U52: =VLOOKUP(F52,'Lampiran Site'!$B$3:$T$80,19,0) -> Go
A53: 61 | B53: Lempuyangan;150235110 | C53: Lempuyangan | D53: 110.37806 | E53: -7.789599 | F53: 150235110 | G53: 110.38304 | H53: -7.79402 | I53: LEMPUYANGAN - MAGUWO 1 | J53: Star | K53: 1187 | L53: LEMPUYANGAN | M53: MAGUWO 1 | N53: KAI | O53: Station | P53: Direct to Station | R53: Daerah Istimewa Yogyakarta | S53: KOTA YOGYAKARTA | U53: =VLOOKUP(F53,'Lampiran Site'!$B$3:$T$80,19,0) -> Go
A54: 62 | B54: 1510341001;LEMPUYANGAN | C54: 1510341001 | D54: 110.37646 | E54: -7.78189 | F54: LEMPUYANGAN | G54: 110.37806 | H54: -7.789599 | I54: TUGU JOGJA - LEMPUYANGAN 4 | J54: Star | K54: 1439 | L54: TUGU JOGJA | M54: LEMPUYANGAN 4 | N54: KAI | O54: Direct to Station | P54: Sation | R54: Daerah Istimewa Yogyakarta | S54: KOTA YOGYAKARTA | U54: =VLOOKUP(C54,'Lampiran Site'!$B$3:$T$80,19,0) -> Go
A55: 63 | B55: Tugu Jogja;150123109 | C55: Tugu Jogja | D55: 110.35763 | E55: -7.788689 | F55: 150123109 | G55: 110.358 | H55: -7.78827 | I55: TUGU JOGJA - LEMPUYANGAN 3 | J55: Star | K55: 101 | L55: TUGU JOGJA | M55: LEMPUYANGAN 3 | N55: KAI | O55: Station | P55: Direct to Station | R55: Daerah Istimewa Yogyakarta | S55: KOTA YOGYAKARTA | U55: =VLOOKUP(F55,'Lampiran Site'!$B$3:$T$80,19,0) -> Go
A56: 65 | B56: Rewulu;1509741023 | C56: Rewulu | D56: 110.28523 | E56: -7.79568 | F56: 1509741023 | G56: 110.29522 | H56: -7.79376 | I56: REWULU - PATUKAN 3 | J56: Star | K56: 2099 | L56: REWULU | M56: PATUKAN 3 | N56: KAI | O56: Station | P56: Direct to Station | R56: Daerah Istimewa Yogyakarta | S56: KAB. SLEMAN | U56: =VLOOKUP(F56,'Lampiran Site'!$B$3:$T$80,19,0) -> Go
A57: 66 | B57: Rewulu;150659103 | C57: Rewulu | D57: 110.28523 | E57: -7.79568 | F57: 150659103 | G57: 110.28273 | H57: -7.79982 | I57: REWULU - PATUKAN 1 | J57: Star | K57: 637 | L57: REWULU | M57: PATUKAN 1 | N57: KAI | O57: Station | P57: Direct to Station | R57: Daerah Istimewa Yogyakarta | S57: KAB. BANTUL | U57: =VLOOKUP(F57,'Lampiran Site'!$B$3:$T$80,19,0) -> Go
A58: 68 | B58: 1472761003;Tegal | C58: 1472761003 | D58: -6.87005 | E58: 109.12783 | F58: Tegal | G58: 109.14256 | H58: -6.868769 | I58: Brebes - Tegal 1 | J58: Star | K58: 2194.8 | L58: Brebes | M58: Tegal 1 | N58: KAI | O58: Direct to Station | P58: Sation | R58: JAWA TENGAH | S58: KOTA TEGAL | U58: =VLOOKUP(C58,'Lampiran Site'!$B$3:$T$80,19,0) -> Go
A59: 69 | B59: Semarang Poncol;142463126 | C59: Semarang Poncol | D59: 110.41473 | E59: -6.973087 | F59: 142463126 | G59: -6.98335 | H59: 110.407 | I59: Jerakah - Semarang Poncol 2 | J59: Star | K59: 1762 | L59: Jerakah | M59: Semarang Poncol 2 | N59: KAI | O59: Station | P59: Direct to Station | R59: JAWA TENGAH | S59: KOTA SEMARANG | U59: =VLOOKUP(F59,'Lampiran Site'!$B$3:$T$80,19,0) -> Go
A60: 70 | B60: Kasugihan;1436911023 | C60: Kasugihan | D60: 109.12168 | E60: -7.618335 | F60: 1436911023 | G60: -7.62127 | H60: 109.131 | I60: Kasugihan - Maos 1 | J60: Star | K60: 1669 | L60: Kasugihan | M60: Maos 1 | N60: KAI | O60: Station | P60: Direct to Station | R60: JAWA TENGAH | S60: KAB. CILACAP | U60: =VLOOKUP(F60,'Lampiran Site'!$B$3:$T$80,19,0) -> Go
A61: 71 | B61: 1440632003;Jerakah | C61: 1440632003 | D61: -6.9838 | E61: 110.357 | F61: Jerakah | G61: 110.36257 | H61: -6.980603 | I61: Mangkang - Jerakah 1 | J61: Star | K61: 1869 | L61: Mangkang | M61: Jerakah 1 | N61: KAI | O61: Direct to Station | P61: Sation | R61: JAWA TENGAH | S61: KOTA SEMARANG | U61: =VLOOKUP(C61,'Lampiran Site'!$B$3:$T$80,19,0) -> Go
A62: 72 | B62: Purwosari;1440762003 | C62: Purwosari | D62: 110.79584 | E62: -7.561832 | F62: 1440762003 | G62: -7.56414 | H62: 110.8 | I62: Purwosari - Solo Kota 1 | J62: Star | K62: 600 | L62: Purwosari | M62: Solo Kota 1 | N62: KAI | O62: Station | P62: Direct to Station | R62: JAWA TENGAH | S62: KOTA SURAKARTA | U62: =VLOOKUP(F62,'Lampiran Site'!$B$3:$T$80,19,0) -> Go
A63: 73 | B63: Semarang Poncol;142566126 | C63: Semarang Poncol | D63: 110.41473 | E63: -6.973087 | F63: 142566126 | G63: -6.97852 | H63: 110.412 | I63: Semarang Poncol - Semarang Tawang 1 | J63: Star | K63: 690 | L63: Semarang Poncol | M63: Semarang Tawang 1 | N63: KAI | O63: Station | P63: Direct to Station | R63: JAWA TENGAH | S63: KOTA SEMARANG | U63: =VLOOKUP(F63,'Lampiran Site'!$B$3:$T$80,19,0) -> Go
A64: 75 | B64: TBG03_CJ007;Semarang Tawang | C64: TBG03_CJ007 | D64: -6.96498 | E64: 110.424 | F64: Semarang Tawang | G64: 110.42792 | H64: -6.964489 | I64: Semarang Poncol - Semarang Tawang 3 | J64: Star | K64: 317 | L64: Semarang Poncol | M64: Semarang Tawang 3 | N64: KAI | O64: Direct to Station | P64: Sation | R64: JAWA TENGAH | S64: KOTA SEMARANG | U64: =VLOOKUP(C64,'Lampiran Site'!$B$3:$T$80,19,0) -> Go
A65: 76 | B65: Semarang Tawang;1446221023 | C65: Semarang Tawang | D65: 110.42792 | E65: -6.964489 | F65: 1446221023 | G65: -6.95908 | H65: 110.419 | I65: Semarang Tawang - Alastua 1 | J65: Star | K65: 1418 | L65: Semarang Tawang | M65: Alastua 1 | N65: KAI | O65: Station | P65: Direct to Station | R65: JAWA TENGAH | S65: KOTA SEMARANG | U65: =VLOOKUP(F65,'Lampiran Site'!$B$3:$T$80,19,0) -> Go
A66: 77 | B66: Solo Kota;1442382001 | C66: Solo Kota | D66: 110.83633 | E66: -7.575704 | F66: 1442382001 | G66: -7.56884 | H66: 110.848 | I66: Solo Kota - Palur 1 | J66: Star | K66: 2303 | L66: Solo Kota | M66: Palur 1 | N66: KAI | O66: Station | P66: Direct to Station | R66: JAWA TENGAH | S66: KOTA SURAKARTA | U66: =VLOOKUP(F66,'Lampiran Site'!$B$3:$T$80,19,0) -> Go
A67: 79 | B67: 111172121;Jayakarta | C67: 111172121 | D67: -6.14037 | E67: 106.823 | F67: Jayakarta | G67: 106.82301 | H67: -6.141415 | I67: Angke - Jayakarta A | J67: Star | K67: 396 | L67: Angke | M67: Jayakarta A | N67: KAI | O67: Direct to Station | P67: Sation | R67: DKI JAKARTA | S67: KOTA ADM. JAKARTA PUSAT | U67: =VLOOKUP(C67,'Lampiran Site'!$B$3:$T$80,19,0) -> Go
A68: 81 | B68: 1133122004;Jayakarta | C68: 1133122004 | D68: -6.14633 | E68: 106.823 | F68: Jayakarta | G68: 106.82301 | H68: -6.141415 | I68: Angke - Jayakarta B | J68: Star | K68: 1507 | L68: Angke | M68: Jayakarta B | N68: KAI | O68: Direct to Station | P68: Sation | R68: DKI JAKARTA | S68: KOTA ADM. JAKARTA BARAT | U68: =VLOOKUP(C68,'Lampiran Site'!$B$3:$T$80,19,0) -> Go
A69: 84 | B69: 1133112004;Mangga Besar | C69: 1133112004 | D69: -6.15238 | E69: 106.824 | F69: Mangga Besar | G69: 106.82706 | H69: -6.149851 | I69: Duri - Mangga Besar | J69: Star | K69: 903 | L69: Duri | M69: Mangga Besar | N69: KAI | O69: Direct to Station | P69: Sation | R69: DKI JAKARTA | S69: KOTA ADM. JAKARTA BARAT | U69: =VLOOKUP(C69,'Lampiran Site'!$B$3:$T$80,19,0) -> Go
A70: 85 | B70: 111545109;Palmerah | C70: 111545109 | D70: -6.20307 | E70: 106.798 | F70: Palmerah | G70: 106.79761 | H70: -6.207038 | I70: Tanah Abang - Palmerah | J70: Star | K70: 963 | L70: Tanah Abang | M70: Palmerah | N70: KAI | O70: Direct to Station | P70: Sation | R70: DKI JAKARTA | S70: KOTA ADM. JAKARTA PUSAT | U70: =VLOOKUP(C70,'Lampiran Site'!$B$3:$T$80,19,0) -> Go
A71: 91 | B71: Kalideres;110157102 | C71: Kalideres | D71: 106.70376 | E71: -6.166014 | F71: 110157102 | G71: -6.16184 | H71: 106.704 | I71: Kalideres - Rawabuaya A | J71: Star | K71: 726 | L71: Kalideres | M71: Rawabuaya A | N71: KAI | O71: Station | P71: Direct to Station | R71: DKI JAKARTA | S71: KOTA ADM. JAKARTA BARAT | U71: =VLOOKUP(F71,'Lampiran Site'!$B$3:$T$80,19,0) -> Go
A72: 99 | B72: 111211121;Kebayoran | C72: 111211121 | D72: -6.2408 | E72: 106.781 | F72: Kebayoran | G72: 106.78071 | H72: -6.240981 | I72: Kebayoran - Pondok Ranji | J72: Star | K72: 81 | L72: Kebayoran | M72: Pondok Ranji | N72: KAI | O72: Direct to Station | P72: Sation | R72: DKI JAKARTA | S72: KOTA ADM. JAKARTA SELATAN | U72: =VLOOKUP(C72,'Lampiran Site'!$B$3:$T$80,19,0) -> Go
A73: 102 | B73: Klender;111001109 | C73: Klender | D73: 106.89943 | E73: -6.213381 | F73: 111001109 | G73: -6.21164 | H73: 106.902 | I73: Gang Sentiong - Klender | J73: Star | K73: 826 | L73: Gang Sentiong | M73: Klender | N73: KAI | O73: Station | P73: Direct to Station | R73: DKI JAKARTA | S73: KOTA ADM. JAKARTA TIMUR | U73: =VLOOKUP(F73,'Lampiran Site'!$B$3:$T$80,19,0) -> Go
A74: 103 | B74: Duren Kalibata;111150121 | C74: Duren Kalibata | D74: 106.85509 | E74: -6.255326 | F74: 111150121 | G74: -6.25127 | H74: 106.857 | I74: Kebayoran - Duren Kalibata | J74: Star | K74: 37 | L74: Kebayoran | M74: Duren Kalibata | N74: KAI | O74: Station | P74: Direct to Station | R74: DKI JAKARTA | S74: KOTA ADM. JAKARTA SELATAN | U74: =VLOOKUP(F74,'Lampiran Site'!$B$3:$T$80,19,0) -> Go
A75: 104 | B75: Tandes;160435109 | C75: Tandes | D75: 112.68084 | E75: -7.257394 | F75: 160435109 | G75: 112.67808 | H75: -7.25757 | I75: KANDANGAN - TANDES 1 | J75: Star | K75: 350 | L75: KANDANGAN | M75: TANDES 1 | N75: KAI | O75: Station | P75: Direct to Station | R75: Jawa Timur | S75: KOTA SURABAYA | U75: =VLOOKUP(F75,'Lampiran Site'!$B$3:$T$80,19,0) -> Go
A76: 105 | B76: Pasuruan;163372126 | C76: Pasuruan | D76: 112.91675 | E76: -7.63335 | F76: 163372126 | G76: 112.91675 | H76: -7.63335 | I76: PASURUAN - REJOSO 2 | J76: Star | K76: 1416 | L76: PASURUAN | M76: REJOSO 2 | N76: KAI | O76: Station | P76: Direct to Station | R76: Jawa Timur | S76: KOTA PASURUAN | U76: =VLOOKUP(F76,'Lampiran Site'!$B$3:$T$80,19,0) -> Go
A77: 106 | B77: Mojokerto;1647992007 | C77: Mojokerto | D77: 112.43206 | E77: -7.472328 | F77: 1647992007 | G77: 112.43229 | H77: -7.46982 | I77: TARIK - MOJOKERTO 1 | J77: Star | K77: 304 | L77: TARIK | M77: MOJOKERTO 1 | N77: KAI | O77: Station | P77: Direct to Station | R77: Jawa Timur | S77: KOTA MOJOKERTO | U77: =VLOOKUP(F77,'Lampiran Site'!$B$3:$T$80,19,0) -> Go
A78: 107 | B78: Babat;1647682003 | C78: Babat | D78: 112.16581 | E78: -7.108192 | F78: 1647682003 | G78: 112.17065 | H78: -7.11037 | I78: BOWERNO - BABAT | J78: Star | K78: 913 | L78: BOWERNO | M78: BABAT | N78: KAI | O78: Station | P78: Direct to Station | R78: Jawa Timur | S78: KAB. LAMONGAN | U78: =VLOOKUP(F78,'Lampiran Site'!$B$3:$T$80,19,0) -> Go
